,Unnamed: 0,Unnamed: 0.1,Unnamed: 0.1.1,model,mr,mrr,hits@1,hits@10,hits@100,ars,Silh_best
0,0,0,0,RandomBaseline,109414.47275,5.217107874720976e-05,0.0,0.0,0.0005,,
1,1,1,1,TransE_1,20511.922,0.2380162503100414,0.13125,0.413,0.5475,0.09509727626459144,"(0.3857525587081909, 2)"
